final_pct_blocked_calls,final_pct_dropped_calls
6.970964417772929E-01,2.5156088985876224E-01
5.216406343150113E-01,3.189459878383212E-01
6.114541712071679E-01,2.3005206441457804E-01
7.58250191864927E-01,3.499616270145817E-01
6.412753588445057E-01,2.846783135057385E-01
5.372125309349912E-01,3.0180479266010746E-01
5.97460791635549E-01,3.644510828976848E-01
7.447549271896098E-01,3.5421270927310705E-01
6.68310214750349E-01,3.5940238215463216E-01
6.625085797845355E-01,3.7004983735712793E-01
6.85703836893914E-01,3.657087130100875E-01
5.324313320179148E-01,3.1319490118700866E-01
6.485007139457402E-01,2.707044264635888E-01
5.271197100841595E-01,2.8452484351133606E-01
7.155148990127705E-01,3.0492407088729884E-01
6.764239322378857E-01,3.651492023585047E-01
6.578745119739309E-01,3.0741799624950045E-01
6.354128663504803E-01,3.1314605375167215E-01
6.365069450640968E-01,3.06356146456084E-01
6.769652868901348E-01,2.8629368960992485E-01
6.10530133591247E-01,2.6295109714078463E-01
6.031697184182182E-01,2.8312048007385754E-01
7.604208696731742E-01,2.7933827865545174E-01
5.594447436127565E-01,2.632681146412972E-01
6.496068967610722E-01,2.5802143095650065E-01
5.934899657366617E-01,2.141458639255996E-01
6.144158464266063E-01,2.6594118725927735E-01
6.333462790906104E-01,3.345980342365489E-01
5.789781651319639E-01,3.1720612238612916E-01
7.291795953828968E-01,2.792602705721733E-01
5.903081046893353E-01,3.041893804776677E-01
6.03908715707696E-01,2.943675649429473E-01
6.641999272109669E-01,2.6689312143637023E-01
6.715080064416153E-01,3.950047096715384E-01
5.343980343980345E-01,2.856265356265356E-01
6.260911444223707E-01,3.581963758954909E-01
4.7891240537617796E-01,2.3791132396106907E-01
5.954899945589747E-01,2.9623360135421073E-01
7.214573438345459E-01,3.9078939457704565E-01
6.080392979093032E-01,2.935362127838016E-01
7.157778323912509E-01,3.194888178913738E-01
5.565248781661754E-01,2.4667589194392636E-01
6.53379289674809E-01,2.967181177881013E-01
7.175514351028702E-01,3.841757683515367E-01
4.849718596575261E-01,2.7840977128487604E-01
6.84115688849525E-01,3.176251412515652E-01
5.844942459115687E-01,2.634766807995155E-01
6.721929163526752E-01,3.677467972871138E-01
6.438037811695245E-01,2.920670812134916E-01
6.229768521346118E-01,3.114884260673059E-01
4.887526183175981E-01,3.4000182143832913E-01
6.265891754449691E-01,2.663760745853009E-01
6.101281269066504E-01,2.684563758389262E-01
6.992589050920393E-01,3.8847716949557737E-01
6.967363403006968E-01,2.994743918836328E-01
7.253057962997111E-01,3.196262831151269E-01
6.308579668348955E-01,2.823840422975246E-01
7.154063382491371E-01,3.85942893002824E-01
6.104563312178907E-01,3.23360531882744E-01
5.948000981113564E-01,3.2192788815305373E-01
7.123483651754047E-01,3.5766445113409434E-01
6.765859353950244E-01,3.1733676615872825E-01
6.177512642703571E-01,3.1493201707900553E-01
6.703773178757034E-01,2.367846489744457E-01
5.73332532869064E-01,2.6715494987092514E-01
6.159978258900263E-01,3.5027327354530907E-01
6.57338717250446E-01,3.192788055216452E-01
6.308011174191223E-01,3.1239674386470817E-01
6.092802689237049E-01,3.6316705684614925E-01
6.438995035354296E-01,3.640740183541447E-01
8.10299810930044E-01,3.631343597130938E-01
6.780805105547374E-01,3.3750613647520866E-01
5.379756399794481E-01,2.1458578898056638E-01
5.969258319653783E-01,2.865243993433816E-01
6.467840459935321E-01,3.413582464965864E-01
6.351425271986871E-01,3.3732450009116877E-01
5.886279507251654E-01,3.0341646944596157E-01
6.558285608719748E-01,2.4632058624299524E-01
6.644417475728155E-01,3.1553398058252424E-01
7.075618727012032E-01,3.3975437940278036E-01
5.8957194620156E-01,2.732911625621814E-01
6.492543950668525E-01,3.438973051495657E-01
6.066421121049863E-01,3.342721842211149E-01
5.991629783518502E-01,3.251738776984916E-01
6.34707515791401E-01,3.112508010130909E-01
7.516095223835904E-01,3.4136846833358286E-01
6.258845730460765E-01,2.5475703727001103E-01
6.086956521739131E-01,2.87856071964018E-01
5.719590345571061E-01,2.9646044199556804E-01
5.266981474754813E-01,2.663760745853009E-01
6.297755491881566E-01,3.3130372492836674E-01
6.804564477764731E-01,2.5893475446361364E-01
5.889138485823568E-01,2.8838564750166956E-01
5.22036542557979E-01,2.820197413818967E-01
7.363588748189913E-01,2.1258896385987613E-01
6.55264660795335E-01,3.3364393279028526E-01
6.595636732623034E-01,2.8650729698272E-01
5.889739296818942E-01,3.1690983018416646E-01
6.859162523213322E-01,3.055172826933445E-01
5.364906114143002E-01,3.2682761385009096E-01
6.945286910105544E-01,3.457479073152978E-01
7.294905524994021E-01,3.9464243004066013E-01
6.132161815852095E-01,3.0508267740557693E-01
6.96407845004613E-01,3.333234129936609E-01
7.202771699489424E-01,3.160709944079747E-01
6.711830385146155E-01,3.1050056454648095E-01
7.840277144680463E-01,2.552648372686663E-01
5.609927131924753E-01,2.500076221836032E-01
6.163514411746933E-01,3.474530183092634E-01
5.504698762203096E-01,2.645904929898726E-01
6.130644024154738E-01,2.728136590748858E-01
5.274005819592629E-01,3.0007274490785646E-01
6.952491309385863E-01,3.2932853570775145E-01
6.676290147961025E-01,3.067484662576687E-01
6.41322110196405E-01,2.589954675793174E-01
7.084928698483524E-01,3.1053091742289485E-01
5.823552366943836E-01,3.0018311169813583E-01
6.819479075915523E-01,3.1243428365427944E-01
6.803540249262447E-01,2.588957793967126E-01
6.853037072817292E-01,3.2906653785774664E-01
5.28496786979761E-01,2.9127379736952735E-01
7.664604303259765E-01,3.632222119617078E-01
6.575375520299209E-01,3.2575254871207093E-01
5.7691158008011E-01,2.3315597536916363E-01
6.449085375041437E-01,2.4711448633336347E-01
6.414291280760124E-01,2.547732518058927E-01
6.356059243269173E-01,2.6983270372369134E-01
6.678097644616912E-01,3.339048822308456E-01
7.101375139168898E-01,3.309962988595673E-01
5.980310976170761E-01,2.3001196062195237E-01
6.386696390914021E-01,2.8318370789901787E-01
7.433713546212418E-01,3.641616757456285E-01
6.463700234192038E-01,3.3099141295862605E-01
6.598984771573604E-01,3.1054045983875783E-01
6.157672824339491E-01,2.972669639336306E-01
6.470143613000755E-01,3.8095238095238093E-01
5.540334855403349E-01,2.831050228310502E-01
6.542450554751568E-01,3.135552339604438E-01
6.198153075598685E-01,3.255595554859915E-01
5.893375241779497E-01,3.2035783365570597E-01
5.648359572166807E-01,2.673957457036414E-01
6.746268656716418E-01,3.4626865671641793E-01
6.627680311890838E-01,2.609086819613135E-01
6.471716203259827E-01,3.1160115052732507E-01
5.224816385024184E-01,2.985609362870962E-01
6.95797383801837E-01,2.566719238024554E-01
6.97797576399489E-01,3.2086227843369364E-01
6.80210411754036E-01,2.2069048914686498E-01
6.204568265458195E-01,2.6764804282368687E-01
6.070878274268104E-01,3.2665639445300465E-01
6.890715667311412E-01,4.049806576402321E-01
6.603717205522023E-01,3.346680212753242E-01
7.147770433950414E-01,3.289768818972994E-01
6.069346794062856E-01,3.004627125773692E-01
5.565918526987184E-01,2.7679162404476804E-01
6.531226486079759E-01,3.370955605718585E-01
6.906817505209883E-01,3.3045549270616253E-01
6.847032447662618E-01,3.181143393825552E-01
6.175245061302798E-01,2.9377379417848254E-01
6.825625172171039E-01,2.938385724342689E-01
6.751824817518248E-01,2.4939172749391725E-01
6.009651865116703E-01,2.4888457219170182E-01
6.828826106662638E-01,3.535277232210304E-01
6.239537361132248E-01,3.2567341348348805E-01
6.422490835832652E-01,3.0900663455421246E-01
6.557477048830329E-01,3.3549882575410983E-01
5.623214554202376E-01,2.4056532852202678E-01
7.493146512336277E-01,3.7161133109960404E-01
6.028051327961802E-01,3.014025663980901E-01
6.625891946992865E-01,3.148048210109732E-01
6.037804545040808E-01,2.973391182984921E-01
6.253035454103933E-01,3.369354055366683E-01
5.732484076433121E-01,2.2747952684258416E-01
6.215096379030806E-01,3.3027082207410074E-01
6.661465522414931E-01,3.090679949588909E-01
6.013719742528181E-01,2.3873560786920917E-01
6.124874302952739E-01,3.016729134290155E-01
6.254364392628351E-01,2.6717673133558E-01
6.715030877150908E-01,3.237604172912045E-01
5.84690114239453E-01,3.6880453359719345E-01
5.812908251932642E-01,3.475759573320549E-01
7.26046539886992E-01,3.2201227292059054E-01
5.885548714233974E-01,2.3844017867922251E-01
5.530674201208332E-01,2.765337100604166E-01
6.977797915722701E-01,3.292553994864824E-01
6.374429775535482E-01,2.8700039273737954E-01
6.109979633401221E-01,2.9052354139211695E-01
6.056989407727883E-01,2.5660152170669853E-01
6.938527084601339E-01,2.860620815581254E-01
7.098925981457116E-01,3.121079526330284E-01
5.769767658280858E-01,3.319167416322859E-01
7.243533637159327E-01,3.561404038270003E-01
5.656590231737729E-01,2.737059789550514E-01
6.493700810964479E-01,2.753089744740701E-01
6.347964740214808E-01,3.5801317729173565E-01
8.144163855714589E-01,3.9505272434436445E-01
5.915336742867706E-01,3.2041407357200075E-01
6.702536510376633E-01,3.72021521906226E-01
7.172472233150743E-01,3.4197863390128014E-01
6.492725742455212E-01,3.456775279547914E-01
6.414911643669813E-01,2.7233115468409586E-01
6.306116933425423E-01,3.7836701600552536E-01
5.453020134228188E-01,2.726510067114094E-01
6.738342667185769E-01,3.114611721721422E-01
6.050440304319176E-01,2.845504103516444E-01
6.743679690335067E-01,2.6611830168138384E-01
6.389776357827476E-01,2.611206684689113E-01
6.444036255232015E-01,3.2521304465656903E-01
5.941250980155619E-01,2.804753000784125E-01
5.95493891583277E-01,2.977469457916385E-01
6.527493683070629E-01,2.1056431235711706E-01
6.0666727333394E-01,2.912002912002912E-01
6.721835509216383E-01,3.286230693394676E-01
5.82145536384096E-01,3.0007501875468867E-01
6.770396596167583E-01,3.819994409764278E-01
6.040165567990189E-01,3.342020542695079E-01
6.22580145578442E-01,2.880594703422642E-01
5.526920449605663E-01,3.0739613736570826E-01
5.866894823687587E-01,2.8112204363503024E-01
6.284038542103059E-01,3.1120952779938954E-01
6.159485607836067E-01,2.82434949822727E-01
6.649018038539679E-01,2.924336637320692E-01
6.879547045752032E-01,3.9877020486438775E-01
6.671608598962194E-01,3.1195947615517666E-01
6.234335839598998E-01,2.694235588972431E-01
7.501129688206055E-01,3.012501882813677E-01
6.569517439082656E-01,3.1653129479216435E-01
5.935539426743757E-01,3.1369172099889286E-01
6.257179130645064E-01,2.5391451544646637E-01
7.04544767318799E-01,3.9006984971727493E-01
6.05751641826851E-01,3.6585000149938524E-01
6.805395922811687E-01,3.0548666142399133E-01
5.583220159951713E-01,2.9274181379206277E-01
6.851640381469707E-01,3.024598006234375E-01
5.767470247177297E-01,2.74641440341776E-01
5.81218428580123E-01,3.2560404114174424E-01
6.249620775438384E-01,3.094472422789879E-01
5.91982691267504E-01,2.884788749323878E-01
7.065347006916289E-01,2.772477939422847E-01
6.820913461538461E-01,3.395432692307692E-01
5.969614661373609E-01,3.074351550607408E-01
6.567737538337619E-01,2.75721057033985E-01
6.487404128899263E-01,2.3948828326310362E-01
6.351126568879479E-01,3.417510963254196E-01
6.018391225979898E-01,2.9328200898176154E-01
6.897599513825585E-01,2.8258887876025524E-01
6.091832095772086E-01,2.545840278830126E-01
7.303014756918249E-01,2.9574191990825965E-01
7.444916659131326E-01,3.4059740181451004E-01
6.417789026484678E-01,2.711741842176625E-01
7.391094485338482E-01,3.559792445999759E-01
7.059949742730645E-01,3.051334210841211E-01
7.231590950009001E-01,3.9308647902538557E-01
6.954778752999059E-01,4.1303489537461663E-01
6.324959723133838E-01,3.2221492929172385E-01
6.757166232349555E-01,3.6361432640446034E-01
6.676204101096805E-01,3.785169289461135E-01
6.439687555900065E-01,2.742829884920398E-01
6.17135288096815E-01,2.619061954362093E-01
7.47602311312325E-01,3.693334127598737E-01
5.547973654542218E-01,2.848157598053759E-01
6.491923194148126E-01,3.8402925937214266E-01
7.504463340091385E-01,3.7824916028686417E-01
6.488089721012142E-01,3.182253529829765E-01
6.747031306225261E-01,3.3585222502099077E-01
6.609385327164574E-01,4.2059724809229104E-01
7.521265482763767E-01,2.9249365766303537E-01
5.350920856147338E-01,3.235440517670483E-01
6.293832044596296E-01,2.9970628783791886E-01
6.116300090388671E-01,3.91684242241639E-01
6.021627415744506E-01,2.4906207635801886E-01
6.749771967163272E-01,3.070842201276984E-01
6.341609332934489E-01,2.752019144481005E-01
6.995526465908067E-01,2.942324436304681E-01
6.98687314742E-01,3.659790696267618E-01
7.222086786933204E-01,3.1387128230131645E-01
7.22185290384964E-01,3.354082310992929E-01
5.422993492407809E-01,2.9223909375753193E-01
6.363117927784614E-01,2.2511030404898402E-01
7.435393682937887E-01,2.266888317968868E-01
6.327543424317618E-01,2.7605459057071957E-01
6.601941747572815E-01,3.4652725914861837E-01
6.092962929448316E-01,3.559255572648026E-01
6.693440428380187E-01,2.8294998174516245E-01
6.340962618515611E-01,3.713992390844858E-01
7.004830917874396E-01,3.170289855072464E-01
6.265290291783518E-01,2.2972731069872904E-01
6.630556593201344E-01,3.019549246669157E-01
7.005149083942043E-01,4.4006705783738476E-01
5.729794933655006E-01,2.322074788902292E-01
6.91662493740611E-01,3.223585378067101E-01
7.102657477352755E-01,4.062960845095856E-01
7.285089849441476E-01,3.642544924720738E-01
5.773672055427251E-01,3.585754223896925E-01
6.043380703066566E-01,2.991772625280479E-01
7.166465882062213E-01,3.4905631235906465E-01
5.584905660377358E-01,2.7169811320754716E-01
6.000537361554766E-01,3.4331432665611844E-01
6.508822739079808E-01,3.254411369539904E-01
5.916275734305435E-01,2.6294558819135266E-01
7.137000030370213E-01,4.0088681021653966E-01
6.472202338344071E-01,3.22118826055834E-01
6.525185998292475E-01,2.622271008659593E-01
6.398756129649563E-01,2.6312642028465494E-01
6.507457109941776E-01,2.802254257869664E-01
6.626598859608568E-01,3.667745415318231E-01
6.946332034671258E-01,2.59732415209447E-01
5.888925799534925E-01,2.989762328994655E-01
5.445574342619893E-01,2.3767976412539865E-01
6.780794842947061E-01,3.588043907927144E-01
6.485971854452411E-01,3.0644729404064147E-01
6.999178357323271E-01,3.286570706917014E-01
5.479032751760025E-01,2.1732476277930823E-01
5.573272136619676E-01,2.533305516645307E-01
6.397047516530833E-01,2.860218360756574E-01
6.402048655569782E-01,3.4144259496372176E-01
6.11583389395144E-01,3.363708641673292E-01
6.268370223741827E-01,3.14918121288465E-01
6.390348781653129E-01,2.9562828475871955E-01
6.191183754333829E-01,2.9408122833085687E-01
5.538070451519187E-01,2.8144292458540127E-01
7.157402970771443E-01,3.53378054623862E-01
5.329611065287736E-01,2.982044286530042E-01
6.335414969680514E-01,3.107370199414728E-01
6.467765491341539E-01,2.98053709278412E-01
6.934688387386041E-01,2.3314900612763415E-01
5.964214711729622E-01,3.5479431105673653E-01
5.863269740170839E-01,3.006041846483526E-01
5.995611459653244E-01,4.048582995951417E-01
5.869034141690997E-01,3.2175415599118157E-01
6.442468754026544E-01,3.0923850019327404E-01
6.333611394321377E-01,3.6147928445639077E-01
5.270331667423898E-01,3.271240345297592E-01
5.799104594212914E-01,3.094858928517773E-01
6.289118921521425E-01,2.798507462686567E-01
6.75044450471627E-01,3.887532772805352E-01
6.625876734815699E-01,3.7009401581853457E-01
5.528474616573534E-01,3.2398050172393295E-01
5.807589394307955E-01,2.9798102651423014E-01
5.370828555910928E-01,3.1380121899704305E-01
6.284391255976186E-01,3.367712060618817E-01
6.350667280257708E-01,3.2213529682466635E-01
6.153474903474904E-01,3.016409266409266E-01
6.381012016578704E-01,3.2799594477741E-01
5.877965090258094E-01,3.4312994181709683E-01
6.215511491116367E-01,3.2441938026802497E-01
5.962026477512459E-01,2.690555538569725E-01
6.724767045625886E-01,2.955278791351286E-01
5.997769673588716E-01,2.561861418367039E-01
6.196161402448239E-01,2.508689738552214E-01
6.554222663179099E-01,3.3673070563121976E-01
5.917867176758922E-01,3.257815769023851E-01
6.00340491622114E-01,3.3750485349899945E-01
7.325234377355078E-01,4.009284659210804E-01
6.464597182411417E-01,3.049338293590291E-01
6.187371725220331E-01,3.1087770131594833E-01
6.278777731268314E-01,2.3919153261974524E-01
6.522202919752522E-01,3.7792203834080035E-01
6.044223059166566E-01,2.0653626533835498E-01
6.119951040391677E-01,2.2091530584828495E-01
6.932671348994914E-01,2.9970937272947445E-01
5.947553392808868E-01,2.853624102610315E-01
6.027347966894567E-01,3.118627803766343E-01
5.987475179471514E-01,3.513059416526653E-01
6.911200583330691E-01,3.1702754969406843E-01
6.957716196846632E-01,2.657668418537984E-01
6.594121473771365E-01,3.9623868945531965E-01
5.979210744181768E-01,3.3115628737006714E-01
6.785822478036958E-01,2.7870342320508934E-01
6.639905834062717E-01,3.38031569734102E-01
6.747435974329754E-01,3.508666706651472E-01
6.662646970153754E-01,2.592704250829062E-01
5.591630591630592E-01,2.5252525252525254E-01
5.85817691080849E-01,2.913752913752914E-01
6.540261610464418E-01,2.8201128045121804E-01
6.593735950846695E-01,3.5965832459163793E-01
6.320049813200498E-01,3.206724782067248E-01
6.467480415376207E-01,3.1578308131414345E-01
6.176707546325306E-01,2.7153641870318984E-01
6.774345303434216E-01,3.19899639328838E-01
6.779661016949152E-01,3.2082324455205813E-01
7.227671657201858E-01,3.1886786722949373E-01
6.806282722513088E-01,3.3261472128118263E-01
7.344851170121026E-01,3.687293704838086E-01
6.836525719792796E-01,2.9815684857246116E-01
6.149641270925863E-01,2.54682113240364E-01
6.607666088620462E-01,3.4981761645637743E-01
6.126678079106226E-01,3.273568189326366E-01
6.312594840667678E-01,3.247344461305008E-01
7.250129466597618E-01,3.2899747159350534E-01
6.42107801760521E-01,3.949113710358133E-01
5.888506949633837E-01,3.138544313256613E-01
6.244260789715336E-01,2.8160391796755435E-01
6.805821407954304E-01,2.7040986844104153E-01
6.23062336333263E-01,4.093549649339313E-01
6.922670971346971E-01,3.104336758451557E-01
6.380684201066443E-01,2.546282427655623E-01
5.597461685823755E-01,3.3824233716475094E-01
6.420449431460202E-01,3.6602562179352555E-01
5.054479418886199E-01,3.1476997578692495E-01
6.69981204147214E-01,2.5768507851815925E-01
6.516887367951198E-01,3.2733224222585927E-01
6.175103937393006E-01,3.087551968696503E-01
5.696784073506891E-01,2.4808575803981622E-01
7.113485607947895E-01,3.2115736710988385E-01
6.272617611580217E-01,2.834740651387213E-01
5.697739585279282E-01,2.677626253191357E-01
6.815554068033834E-01,3.681616259964705E-01
6.317365269461078E-01,3.2934131736526945E-01
6.097923731334405E-01,2.171455767743471E-01
7.258766009778338E-01,2.4895767719487685E-01
6.382978723404255E-01,3.495440729483283E-01
6.144439736061504E-01,2.693867667534355E-01
7.231499923395128E-01,4.0447372452888003E-01
6.588799041629231E-01,3.474094040131776E-01
5.655558258331307E-01,2.918997810751642E-01
6.049423792383776E-01,2.6012522307250235E-01
6.843273822196538E-01,2.6764804282368687E-01
7.179745559894193E-01,3.684343116261494E-01
6.671175602557797E-01,3.012788981800295E-01
5.955245428296438E-01,2.496390760346487E-01
6.869236957732533E-01,3.5893310229593417E-01
6.736214605067065E-01,3.0998509687034276E-01
5.666576242577689E-01,2.742864032311541E-01
6.342621817416659E-01,2.885742627829381E-01
6.604342581423401E-01,3.287092882991556E-01
5.712739408881806E-01,3.0969061006043475E-01
7.448166838937192E-01,2.796862649723354E-01
6.020667964654786E-01,2.426239329039988E-01
5.644090305444888E-01,2.293854883496318E-01
5.923000987166831E-01,2.811929761584253E-01
6.543598979438691E-01,2.9416178898394113E-01
5.627445079747216E-01,3.069515498043936E-01
6.297567527234741E-01,3.3129383674078494E-01
5.111801984933636E-01,2.630634939614971E-01
4.8567265662943176E-01,2.9747450218552696E-01
6.360019291053773E-01,3.3156498673740054E-01
6.687258224128108E-01,3.328635259543587E-01
7.218378410758679E-01,3.4744062060083264E-01
6.371927281512351E-01,2.6574862595880894E-01
6.343765972159586E-01,2.946393674273173E-01
6.278855032317636E-01,3.631886734379809E-01
6.630626325378572E-01,3.613990024192826E-01
6.085070490420533E-01,3.1329075792264127E-01
7.102443722162033E-01,2.7386541471048514E-01
6.673881673881674E-01,3.3970658970658973E-01
6.885998469778117E-01,3.0298393267023715E-01
5.657835653345308E-01,3.412662775033678E-01
6.992797118847539E-01,3.0312124849939975E-01
5.899258811072455E-01,3.4185448494932685E-01
6.765237089417455E-01,3.642819971224784E-01
6.058806058806059E-01,3.059103059103059E-01
6.530269897852201E-01,2.965581283887008E-01
5.911477869467368E-01,2.820705176294074E-01
5.732637013025992E-01,2.821297796986614E-01
6.641667725943816E-01,3.114274818863607E-01
7.321182416909174E-01,3.492112115178435E-01
5.732215048572981E-01,2.9566161829481685E-01
5.483625285605483E-01,3.2597105864432596E-01
6.224759359912551E-01,2.9757386208362435E-01
5.399798651575703E-01,3.416821745629824E-01
6.081326394771874E-01,2.692726612610432E-01
6.373080109616978E-01,3.409597858645083E-01
6.432801274536327E-01,3.9979559323052877E-01
6.279675294838414E-01,2.8794608669015165E-01
6.089591254752852E-01,2.3467205323193918E-01
7.125321837015748E-01,3.0537093587210346E-01
6.480331889894921E-01,2.5739636011264877E-01
6.143782858540164E-01,2.475852793740066E-01
6.737974377568287E-01,3.0819434372733867E-01
6.425605431455157E-01,2.7884702815748796E-01
6.56022526435611E-01,3.3250456819339186E-01
7.083860854886357E-01,3.2857056731175016E-01
7.108643255941667E-01,3.111938249382189E-01
6.172279204865209E-01,2.2692202959063265E-01
6.332211685530743E-01,3.1508106454573265E-01
7.310832216400633E-01,4.081881320823687E-01
6.017505470459519E-01,3.25188426938974E-01
6.04919601246875E-01,2.8085552915033485E-01
6.366939964561372E-01,3.8441901672823375E-01
6.571479777764502E-01,2.449369735348587E-01
6.140089418777943E-01,3.3979135618479883E-01
6.243808723321226E-01,3.271995917509681E-01
6.813727015338664E-01,3.360194144550574E-01
6.885266147956033E-01,3.550697789304681E-01
6.442354665363947E-01,2.564728871519296E-01
6.033499429669209E-01,3.42198475115567E-01
5.629647469669146E-01,2.5589306680314294E-01
6.035796456210596E-01,2.9282576866764276E-01
7.353384365017178E-01,3.526008076668073E-01
6.776023302161582E-01,3.2193775869998464E-01
5.803234094000302E-01,3.5363457760314343E-01
5.72507460868506E-01,2.3448443875997318E-01
6.578546628494852E-01,3.136992142291527E-01
6.302329121631908E-01,2.8314811995737554E-01
6.558966074313409E-01,3.7479806138933763E-01
5.701185484600766E-01,2.83551024101837E-01
7.335182037749352E-01,3.2799594477741E-01
5.955379099878523E-01,3.1406476845130515E-01
5.79381196989607E-01,2.7475809341775176E-01
5.745360698045963E-01,3.1338331080250703E-01
6.969485773158389E-01,2.8787006454349867E-01
5.893970252422391E-01,3.20928223168549E-01
6.950451928526683E-01,2.7443844524654715E-01
5.993124638739313E-01,3.1030391530528434E-01
6.592182228962273E-01,4.085296029216056E-01
7.397444519166106E-01,4.096105642844042E-01
5.37231384307846E-01,2.6549225387306347E-01
6.345025739255358E-01,2.304561235484257E-01
6.762849413886384E-01,3.4866245867147583E-01
6.403866485425163E-01,3.0508986557921763E-01
6.241374984318153E-01,3.2931878057960107E-01
6.464928521564938E-01,3.611861474489331E-01
5.875685993796229E-01,3.2510140777857316E-01
6.37498120583371E-01,3.307773267177868E-01
6.267978803936411E-01,2.846328538985617E-01
6.611919570074271E-01,3.079524183322263E-01
6.750298685782556E-01,3.106332138590203E-01
6.731173748422381E-01,3.155237694572991E-01
5.998599311835815E-01,3.105873755366767E-01
7.201458523245214E-01,4.0413248252810696E-01
6.005009203657322E-01,2.9572407133588824E-01
5.779822066210737E-01,3.23791079101858E-01
6.11721174504655E-01,2.8049653855335405E-01
6.605493618674717E-01,2.6302418029111996E-01
6.813737472500611E-01,2.811048643363481E-01
5.235442729735488E-01,2.891668949563206E-01
6.870971664842516E-01,3.37468077344035E-01
6.143826989831966E-01,2.2424968512886675E-01
7.066606525334536E-01,3.939257254548188E-01
5.810644861772546E-01,3.0251295414382845E-01
6.707407959457445E-01,3.308987926665673E-01
5.685407454200885E-01,2.8276629666395936E-01
6.685499058380414E-01,3.2642812303829255E-01
7.352941176470588E-01,2.8374420307542103E-01
6.836354757980834E-01,3.5707745834096316E-01
6.432311144353029E-01,2.842183994016455E-01
6.434155141310883E-01,2.976548406494287E-01
6.614880446656148E-01,3.095035805316179E-01
6.818181818181818E-01,2.930622009569378E-01
6.350091379363751E-01,3.004677384381873E-01
6.24223508378534E-01,3.0908154298354595E-01
7.373521533692479E-01,3.7620007824961627E-01
6.318830113738942E-01,3.1293253896611906E-01
5.493156570306267E-01,3.068802553243724E-01
5.567426043516206E-01,2.1667820277468477E-01
6.062855728780004E-01,3.650086612224697E-01
6.504065040650406E-01,4.0650406504065045E-01
6.627727506582333E-01,3.389522743092334E-01
6.621921256067598E-01,3.325942350332594E-01
6.492284531426421E-01,2.540459164471208E-01
6.075518697408792E-01,3.037759348704396E-01
6.675806163199618E-01,2.5928354294569944E-01
6.423783515392254E-01,3.2584409136047665E-01
5.774783445620789E-01,3.073675059765904E-01
6.497022198159177E-01,3.54929916380918E-01
6.375392796712595E-01,3.837321730722746E-01
6.245890861275477E-01,2.5103102026178953E-01
6.482933301169943E-01,3.0153178144976484E-01
5.764912919473268E-01,3.185872929182596E-01
6.869656517174141E-01,2.4298785060746964E-01
6.508586445028418E-01,3.2390148505775224E-01
6.347836805127574E-01,4.0367311721927773E-01
7.313608752153283E-01,3.263924567076672E-01
6.474254250620197E-01,3.7514370424154414E-01
5.814654133526151E-01,2.1089419137141477E-01
5.329037055397199E-01,3.005329037055397E-01
5.236232320192596E-01,2.2870899789346977E-01
5.535499398315282E-01,2.5872442839951865E-01
5.991810189088281E-01,3.101288690834638E-01
6.419336367198095E-01,2.893222024652663E-01
5.883772856194557E-01,3.590610101985396E-01
7.606384571616805E-01,3.1144251789297156E-01
6.217972753405824E-01,3.343332083489564E-01
6.347928407753762E-01,2.6939988852418406E-01
6.323015777429845E-01,2.890521498253643E-01
6.471213732340878E-01,2.491265380525596E-01
6.314786131299893E-01,3.246753246753247E-01
7.008216529724505E-01,3.6551474142097634E-01
5.540773203944279E-01,2.59821568320551E-01
6.80210411754036E-01,4.0510308966684805E-01
5.209892807952572E-01,2.4851787532187558E-01
5.586422564289402E-01,2.8539332665391504E-01
6.186164899958114E-01,3.834133453619873E-01
6.345673814321374E-01,3.0074283480196085E-01
6.07250755287009E-01,2.6586102719033233E-01
6.225848003434951E-01,2.453536158989143E-01
6.638090135143181E-01,3.4232303387509677E-01
7.381286794369901E-01,2.928607715984819E-01
6.183496029379453E-01,2.6052292915659625E-01
5.807719799857041E-01,3.4250655229926136E-01
6.335194859785024E-01,3.332732840929562E-01
6.865057763261356E-01,3.356922518599165E-01
6.31829558635004E-01,3.204932543800745E-01
5.901560768101615E-01,2.516401545789521E-01
6.166711788948049E-01,2.917907529404687E-01
6.275212909009412E-01,3.6754818467055134E-01
5.229534987371861E-01,2.7633338285544495E-01
6.60608596879297E-01,3.3179888802534824E-01
5.721628981427653E-01,2.6925312853777195E-01
6.746626686656672E-01,3.4782608695652173E-01
7.221969352146868E-01,3.125474131391291E-01
4.816609824687369E-01,2.0941781846466825E-01
6.757785151136951E-01,3.1658092599920856E-01
5.934266585514303E-01,3.0432136335970783E-01
5.704001952171791E-01,2.3487066861883846E-01
5.081139445520658E-01,2.572326844294833E-01
5.22052205220522E-01,2.22022202220222E-01
5.291482517062024E-01,2.555545533808364E-01
6.020488573680063E-01,2.616233254531127E-01
6.068107716459364E-01,2.928390291027654E-01
6.694083390868429E-01,3.5121424068681895E-01
5.559189012426423E-01,2.735002080979844E-01
7.330445582043438E-01,3.7863871808075605E-01
5.160550458715597E-01,2.1125060357315306E-01
6.109372671732975E-01,3.069587244821934E-01
5.119558553034949E-01,2.2378908645003065E-01
8.199238422798181E-01,3.4393809114359414E-01
6.654253533164434E-01,4.0291810384298404E-01
6.54922531154301E-01,3.183651193111185E-01
6.257557436517533E-01,2.9020556227327693E-01
6.195068359375E-01,3.11279296875E-01
6.293132277384246E-01,3.830602255799106E-01
7.068214361880389E-01,2.985711239070164E-01
7.157805344090261E-01,3.396924570076734E-01
5.995130858186245E-01,3.286670724284845E-01
7.150957661290323E-01,3.276209677419355E-01
7.335918944108716E-01,3.156850365292685E-01
6.173224418532144E-01,2.837189000436491E-01
7.226521333293187E-01,3.7337026888681457E-01
6.704470691437702E-01,3.289576741125975E-01
6.476258692213567E-01,3.1336735607485E-01
6.54251110705374E-01,3.316900979855152E-01
6.639459097277213E-01,2.862886032770908E-01
5.885164605365358E-01,3.614745772838621E-01
6.603773584905661E-01,2.951917224589166E-01
5.175600739371534E-01,2.402957486136784E-01
6.734107506285167E-01,2.543996169041063E-01
5.613496932515337E-01,3.1288343558282206E-01
5.870724255676032E-01,2.9054094530641583E-01
5.893790253979827E-01,3.372220196864747E-01
6.72355051708023E-01,3.226098230168541E-01
5.048987197211036E-01,2.1638516559475868E-01
6.083438841367383E-01,4.2614952289781677E-01
6.125803077842522E-01,3.316898251904975E-01
5.972411702288919E-01,3.334849173866909E-01
5.572472594397077E-01,3.0755176613885504E-01
6.019101434143046E-01,2.702453705125449E-01
5.794023964811162E-01,2.7301683603822235E-01
7.579432452097987E-01,3.092408440455979E-01
6.754289886820007E-01,3.498843860289644E-01
6.817302253579828E-01,3.691464975737549E-01
6.944654126030375E-01,3.4119387662670975E-01
6.654021952053729E-01,3.7001337023102515E-01
6.063348416289592E-01,3.58974358974359E-01
5.929034023533705E-01,3.4357992033810697E-01
6.471017134524243E-01,3.2810791104629966E-01
5.606800506420692E-01,2.773256164466148E-01
6.311745334796927E-01,3.079643859007196E-01
6.708807919375037E-01,3.6972985866777985E-01
6.205923836389281E-01,2.3820717755837642E-01
7.031441906165561E-01,3.346843527388848E-01
6.957602112129212E-01,3.1060723714862554E-01
6.762646148297315E-01,2.795227074629557E-01
7.181110029211295E-01,3.529698149951314E-01
4.9463397086156247E-01,3.327537622159602E-01
7.275813981689201E-01,3.668222882434972E-01
5.645430539958115E-01,2.6709563844963125E-01
7.58331067403849E-01,3.14208888486057E-01
7.181706181075153E-01,3.1551428828991257E-01
7.26503586536693E-01,2.942799337870149E-01
6.193306224585549E-01,2.7525805442602436E-01
6.451415642389775E-01,3.2409955359872805E-01
6.668460871385425E-01,3.349182141682366E-01
6.042296072507553E-01,2.5023650401293906E-01
6.556112610875434E-01,2.4622504375686022E-01
7.105437466128741E-01,3.372072017823809E-01
7.146503318019397E-01,3.242951085487794E-01
5.828702585165499E-01,3.3522589997583957E-01
5.83762423661837E-01,2.454795832834391E-01
6.225275230764513E-01,2.545309577110614E-01
6.28930817610063E-01,3.5852094916902133E-01
6.727404368287679E-01,3.3787860504404493E-01
6.925420911693189E-01,3.385761334605559E-01
6.736549557441924E-01,3.413587892336042E-01
5.952737062518696E-01,2.8417588991923426E-01
6.973584905660377E-01,3.50188679245283E-01
6.587976942080703E-01,2.988989538536615E-01
5.9092130002686E-01,3.1038290506461336E-01
5.658148355406329E-01,3.1088727227507307E-01
5.972150278801913E-01,2.955604984917274E-01
6.850539107642819E-01,2.859355453624829E-01
5.969880602387952E-01,2.6999460010799786E-01
5.595162891435791E-01,2.8878260084829893E-01
5.744331651571334E-01,3.0697222053370615E-01
7.890212452413117E-01,3.438536166032175E-01
6.028151774785802E-01,2.753977968176255E-01
7.072598139728389E-01,3.2094142818935545E-01
6.158276907993505E-01,3.15573393792702E-01
6.732263076126359E-01,3.411825631340056E-01
5.97472002882277E-01,2.5520160927132435E-01
8.45604784258247E-01,3.9225773262169633E-01
6.388712265721985E-01,3.1186604899022013E-01
5.401490690726939E-01,2.5046018286610944E-01
6.418716256748651E-01,3.6892621475704857E-01
6.780903509575735E-01,3.4209963651913616E-01
5.62777183055513E-01,2.813885915277565E-01
5.35815002820079E-01,3.008084226358338E-01
6.623114670198995E-01,3.2814522684167746E-01
7.487821014013352E-01,3.398087448126541E-01
6.006280679289002E-01,2.530564956248666E-01
6.11877624475105E-01,2.969406118776245E-01
6.495654527411061E-01,3.2478272637055305E-01
5.757347400150716E-01,2.92388847023361E-01
6.995736503933225E-01,4.053323725454873E-01
5.751626114189352E-01,2.6198506384003856E-01
6.443377302291654E-01,2.401069843778494E-01
6.635215340130878E-01,3.8350327195251865E-01
5.537927318445788E-01,2.125366700592708E-01
6.335927167594501E-01,2.798880447820872E-01
6.417015635826832E-01,3.765854246377248E-01
6.557576125565439E-01,3.1269923191353716E-01
5.683697711484679E-01,2.1652181758036868E-01
7.12388312001932E-01,2.867664815262014E-01
6.014410766390758E-01,2.977431072470672E-01
6.090504902856447E-01,3.258420123028199E-01
5.742141938571044E-01,3.319675808236385E-01
7.189503325145288E-01,2.9357138577676595E-01
6.257746606608422E-01,3.113757973336558E-01
5.339617575992602E-01,3.042687110342153E-01
7.208248426047021E-01,3.376015085616959E-01
6.359300476947536E-01,3.3596304406515287E-01
6.136490423355855E-01,2.3554205665406308E-01
5.944657352364283E-01,2.595129605600652E-01
6.011962890625E-01,2.655029296875E-01
5.729369769325374E-01,3.179650238473768E-01
6.51721328787376E-01,3.1680897927164103E-01
6.675171329397455E-01,2.670068531758982E-01
6.541267257490806E-01,2.652679809489359E-01
6.270715757412882E-01,2.8367523664486843E-01
6.584089952498346E-01,3.3371414827731344E-01
6.055284749765357E-01,3.451512307366254E-01
7.077522866996551E-01,3.1788873894137054E-01
5.338188101703283E-01,2.8388052332757346E-01
6.433741399338755E-01,2.859440621928335E-01
5.319474166921431E-01,2.3845918679302963E-01
6.040205115298707E-01,3.491993582282065E-01
6.482098503665111E-01,3.816562670382262E-01
5.890559603162301E-01,2.666253294062936E-01
6.266192685425077E-01,2.1991926251732238E-01
5.536626916524702E-01,2.677050377220735E-01
6.382911492400544E-01,2.6542800265428E-01
6.170815322700849E-01,3.368609330749739E-01
5.852296357910998E-01,3.238072604123344E-01
7.020849796364963E-01,3.707981277733876E-01
6.976815978760843E-01,3.426666255055104E-01
6.588205193808366E-01,3.6458999616221055E-01
7.525757802000896E-01,3.4045094818575483E-01
6.680647094068304E-01,3.1156381066506894E-01
7.314650371752807E-01,3.0703470696246354E-01
6.509749555468491E-01,3.405563424851572E-01
5.941079193973173E-01,3.33802903166534E-01
6.22117676189297E-01,3.4355752267170137E-01
6.32988067114907E-01,3.331516142710037E-01
5.958997159441769E-01,3.149314560948499E-01
7.200556681693038E-01,3.327988382295102E-01
6.804359607394472E-01,3.221533088456675E-01
6.464104855525767E-01,2.770330652368186E-01
6.354901483823887E-01,3.1926538555096085E-01
6.176992232890954E-01,3.3025503027337777E-01
6.252873563218391E-01,2.6973180076628356E-01
7.091349750157087E-01,3.0818946171568773E-01
6.590033702455464E-01,3.7012518054886856E-01
5.766458433445458E-01,2.7030273906775587E-01
6.539084528166057E-01,2.8496010558521806E-01
7.05309843538253E-01,3.264752987556979E-01
5.88768115942029E-01,3.442028985507246E-01
6.637841787954448E-01,3.105779185189696E-01
5.23942975508712E-01,2.558791275740222E-01
4.977772212134494E-01,2.285392273495711E-01
5.936161930712339E-01,3.892565200467108E-01
6.253163803114671E-01,2.5310424917368907E-01
7.172472233150743E-01,3.2987319553309324E-01
7.007857294542366E-01,3.701119436944453E-01
7.647894561833076E-01,3.597231038964965E-01
6.704750450992183E-01,3.577871316897174E-01
5.939793506655057E-01,2.643363602438114E-01
6.396524152913134E-01,2.956883806535317E-01
7.059176930009012E-01,3.2742565334935414E-01
6.535357185881219E-01,3.5537887001566076E-01
6.349398318921207E-01,3.1444639293705023E-01
6.837917158331064E-01,2.874345708148014E-01
5.981544380654663E-01,2.975743184345787E-01
7.878514509096376E-01,3.8791159224176813E-01
5.583353673419575E-01,2.3492799609470344E-01
6.568489247473082E-01,3.239254971356588E-01
5.207862969987056E-01,3.1307384328245885E-01
5.920034002246577E-01,3.187710616594311E-01
6.51890482398957E-01,2.607561929595828E-01
6.668647453038856E-01,3.0702188768941274E-01
6.955154374187306E-01,3.749735401735765E-01
7.182618064284432E-01,3.5015263063386604E-01
6.794137629816558E-01,2.3941246886020254E-01
7.197277682416358E-01,2.5898154003673923E-01
6.758409785932722E-01,2.8440366972477066E-01
6.21905566960512E-01,2.3245984784446322E-01
5.681988097730195E-01,3.3493824576093784E-01
6.808484885163555E-01,3.7219717372227434E-01
5.443836268443598E-01,2.6772965254640646E-01
6.608727141046533E-01,3.3798056611744826E-01
6.487404128899263E-01,3.152757146754782E-01
6.26940350242638E-01,3.0442776622358864E-01
5.51261309844808E-01,2.0372700581221165E-01
6.736295655398307E-01,3.955256164637538E-01
6.258234519104084E-01,3.413582464965864E-01
6.92790647326261E-01,3.1855998515448614E-01
6.943609474570157E-01,3.456775279547914E-01
6.551012980710906E-01,3.3058352541550406E-01
5.979663074821673E-01,2.124753376840188E-01
7.032563828160832E-01,2.8741782602048616E-01
6.424951737451737E-01,3.3180501930501927E-01
5.791044776119403E-01,2.925373134328358E-01
5.815911108390217E-01,2.9079555541951085E-01
6.680773881499396E-01,2.660217654171705E-01
5.937921727395412E-01,2.938971360023992E-01
6.343003156470765E-01,3.1564707650683904E-01
6.443377302291654E-01,2.948149048690049E-01
5.894914132755873E-01,3.579055009173208E-01
6.12511893434824E-01,3.1220266412940056E-01
6.688560151848393E-01,3.0128649332650415E-01
5.033452135309198E-01,2.8449946851747643E-01
4.9495931009352606E-01,2.793635369853031E-01
6.043923164382742E-01,2.8424391119621806E-01
6.810339608935165E-01,3.8440583570434045E-01
7.320110561005984E-01,3.614494426388847E-01
6.354871024292512E-01,3.600050087653393E-01
5.742633794347565E-01,2.8863499699338546E-01
6.034223956769739E-01,3.1221855298709095E-01
6.658632118107864E-01,3.7661946369388366E-01
7.949906381411338E-01,4.235857454188281E-01
6.491741900419699E-01,3.140191430900692E-01
5.508808039227556E-01,2.9965494279314725E-01
6.550348359435478E-01,3.036979693920086E-01
6.107418717442069E-01,2.6645111071193345E-01
5.483083782725273E-01,3.554966408580122E-01
5.790263778683251E-01,3.216813210379584E-01
6.313402188237458E-01,3.432529345061142E-01
5.859607376561571E-01,3.242117787031529E-01
7.239141288067897E-01,3.307538691962057E-01
6.111703127938319E-01,3.416285338180906E-01
7.036298846409373E-01,4.107024219363411E-01
6.113369394744422E-01,2.7846237557212816E-01
6.824907893942139E-01,3.140665579513197E-01
6.017209218364522E-01,2.5272278717130997E-01
6.397591494966601E-01,3.292877975350456E-01
5.977614443868371E-01,3.385281649333618E-01
6.582957454589785E-01,3.3219553821772524E-01
6.578947368421052E-01,3.6792217510601144E-01
6.059281006965049E-01,3.8104756847924537E-01
5.97454065089468E-01,2.732076378047316E-01
5.771604938271605E-01,3.2098765432098764E-01
6.100126209507782E-01,2.2236913276038223E-01
6.252617722730809E-01,2.5728474839944954E-01
6.265745106905238E-01,3.003681932691687E-01
6.257974360532232E-01,2.79482350082022E-01
6.29406602717342E-01,3.358852543347354E-01
7.09920920201294E-01,3.6843997124370953E-01
7.928792757761711E-01,3.979585637037487E-01
6.707539152604103E-01,3.8849095544494355E-01
5.637454402942329E-01,2.894094238943655E-01
5.836575875486382E-01,2.9486867704280156E-01
6.262042389210019E-01,3.010597302504817E-01
5.283698589012309E-01,2.671870309216452E-01
6.642626684380337E-01,3.3213133421901686E-01
6.008429737243297E-01,2.1522733387140167E-01
6.277276259939021E-01,2.6304776708315897E-01
5.916434198828975E-01,2.6976487538702065E-01
6.820041829589888E-01,3.819223424570337E-01
7.148243100588146E-01,4.1019454079324386E-01
5.738148170401971E-01,3.124436700114162E-01
6.61755898910049E-01,2.8147083483051866E-01
5.867985225783391E-01,2.889312522340045E-01
6.139378874547033E-01,2.6653888772423706E-01
5.936002473334364E-01,3.6481681867367444E-01
6.292906178489702E-01,3.7034806696374806E-01
6.472004816375677E-01,3.5821794099939797E-01
6.68158181158544E-01,3.114040391824888E-01
6.585871951402881E-01,2.9771749917300694E-01
6.222547584187409E-01,2.562225475841874E-01
5.233543078412392E-01,2.4503872216844144E-01
6.608063049408912E-01,3.7890269778720825E-01
6.621315192743764E-01,3.9304610733182155E-01
6.062657721425494E-01,2.4619929833199974E-01
6.221821460775473E-01,3.9374812143071836E-01
5.509393063583815E-01,3.100915221579961E-01
5.770816158285244E-01,2.4732069249793898E-01
6.041565973900435E-01,2.8395360077332044E-01
7.21749109138129E-01,2.5970888445974516E-01
5.840558766859345E-01,2.3482658959537572E-01
7.059675375610933E-01,2.805768418512038E-01
5.84918111464395E-01,2.909592657028016E-01
5.990016638935108E-01,3.2672818030555134E-01
6.612259486507417E-01,2.8295705009829036E-01
6.532709991021394E-01,2.4458961577757823E-01
7.435393682937887E-01,3.475895420885598E-01
5.925925925925926E-01,2.4792139077853365E-01
6.86116948943009E-01,3.925083446655953E-01
6.528046421663443E-01,3.052466150870406E-01
6.17523343575669E-01,2.893708421586468E-01
6.405076172518033E-01,2.3046302116069556E-01
6.678978147122192E-01,3.3548784241305013E-01
6.685538758055773E-01,3.071734023971571E-01
6.636500754147813E-01,3.137254901960784E-01
5.231277533039648E-01,2.2944199706314244E-01
6.48438667264306E-01,2.7192589272374124E-01
6.296769483482387E-01,3.4982052686013265E-01
7.191624943104233E-01,3.0040964952207555E-01
6.223445634611933E-01,2.7825982885524503E-01
6.590326236058925E-01,3.936303453211666E-01
6.098849672413272E-01,2.7173092599861115E-01
6.152820295214136E-01,3.0915648773982357E-01
5.561157454089896E-01,3.7889204632260826E-01
6.749865002699946E-01,3.509929801403972E-01
7.123370718399514E-01,2.485601697484086E-01
6.473655817299047E-01,3.806269855541569E-01
6.497828774287616E-01,3.48663983010555E-01
5.867094861660079E-01,3.0570652173913043E-01
6.391808791009057E-01,3.241343794492745E-01
7.314306185813232E-01,3.4033914497253404E-01
6.422986223159984E-01,2.761573786769269E-01
6.62432769151296E-01,3.3729374943024704E-01
5.610265592360489E-01,3.700387943897344E-01
6.058413961479339E-01,2.4715917653796304E-01
6.196910613343006E-01,2.84151023245972E-01
6.184571756116692E-01,2.5945032732977347E-01
6.089644513137558E-01,2.874806800618238E-01
6.634259683879055E-01,3.760432908373842E-01
6.976533478300263E-01,3.0805472501585573E-01
5.528934758569849E-01,2.8258999877134783E-01
6.189923518733447E-01,3.7794244561497486E-01
6.226799185726261E-01,2.3949227637408693E-01
5.462831618024326E-01,3.1992273564120366E-01
6.356124580041769E-01,3.5110021489754534E-01
6.468188000604503E-01,2.9620674021459875E-01
6.195031135648713E-01,2.7283815882390705E-01
6.828878156818111E-01,3.1683533790642593E-01
7.34703957522998E-01,2.932641847255665E-01
6.670854647162643E-01,2.4828741511860958E-01
5.68985760303459E-01,2.1675648011560347E-01
6.666060661152017E-01,2.6058237129957884E-01
6.606534133759691E-01,3.710519171015717E-01
6.424370381541246E-01,3.2272658724174336E-01
6.589983225497243E-01,2.9954469206805656E-01
6.585643297611208E-01,3.2628869065437344E-01
5.927518427518428E-01,3.593366093366093E-01
7.050316360349503E-01,3.1937330521241336E-01
6.40949201049368E-01,2.832101120915812E-01
6.038572925010783E-01,3.419804054470392E-01
5.745883661301783E-01,2.6566988971610395E-01
6.019151846785226E-01,2.675178598571212E-01
7.219774840920216E-01,3.94640234948605E-01
7.341422208570112E-01,3.5939179849485486E-01
6.391317455532107E-01,2.803738317757009E-01
6.306807642366908E-01,2.5969207939157857E-01
6.226167778836987E-01,2.919447092469018E-01
5.665544049604986E-01,3.1789997167227974E-01
7.355822857315125E-01,3.5573241687015766E-01
6.037438184521101E-01,3.21592184703134E-01
6.136971991904421E-01,2.5135470392374487E-01
7.635686142756788E-01,2.8710179896765525E-01
5.94719610728982E-01,3.484215901240501E-01
6.213428243952465E-01,2.7447668456294866E-01
5.613034376042962E-01,3.337479899268788E-01
7.145474532795896E-01,3.0230853792598017E-01
7.618586933518758E-01,3.3860386371194484E-01
6.209343583678296E-01,2.365464222353637E-01
6.252617722730809E-01,3.1113504457607855E-01
6.541778174249182E-01,3.479036574487065E-01
7.437210436478907E-01,2.651792245793709E-01
7.41839762611276E-01,2.5131714406830985E-01
6.103794575741175E-01,3.367610800408924E-01
5.95679012345679E-01,2.5308641975308643E-01
6.889644287968921E-01,3.793856986767027E-01
5.990893841361131E-01,2.8157201054397313E-01
6.46865889212828E-01,2.885082604470359E-01
7.127125902361433E-01,3.303560504098862E-01
6.396914789422136E-01,2.693437806072478E-01
5.115545906076198E-01,3.3607946941081995E-01
7.105287441173757E-01,3.321952569899419E-01
6.681718330485721E-01,3.4476446180131803E-01
8.475882262290029E-01,2.7739251040221913E-01
5.59971098265896E-01,2.6493256262042386E-01
6.981920180493307E-01,3.719625598341413E-01
5.958232788155033E-01,3.1876545416629426E-01
6.619701202477833E-01,2.915097777237945E-01
6.183719193427931E-01,3.166542195668409E-01
5.234823473424348E-01,2.9445882038011956E-01
5.949340464529311E-01,2.7042456656951414E-01
6.205380004217249E-01,2.4701027201253128E-01
6.764004767580453E-01,3.00953516090584E-01
